{"loss": [0.9607019424438477, 0.5094859600067139, 0.34736260771751404, 0.2538721561431885, 0.18872761726379395], "accuracy": [0.6377840638160706, 0.8224431872367859, 0.8901515007019043, 0.9280303120613098, 0.9616477489471436], "val_loss": [0.6948796510696411, 0.7039646506309509, 0.6551418304443359, 0.6137986183166504, 0.605380654335022], "val_accuracy": [0.7424242496490479, 0.7348484992980957, 0.7670454382896423, 0.7859848737716675, 0.7821969985961914]}